Number,Title,Link to paper,Year,Code?,Data?,Compare to non-DL?,Venue,SE task,Method,Hyperparam tuning,,,,,
1,Deep Semantic Feature Learning for Software Defect Prediction,https://www.cs.purdue.edu/homes/lintan/publications/deeplearn-tse18.pdf,2018,No,No,Yes,ICSE,defect prediction,Sequence,grid search,,Literature review,Valid options,,
2,CRADLE: Cross-Backend Validation to Detect and Localize Bugs in Deep Learning Libraries,https://www.cs.purdue.edu/homes/lintan/publications/cradle-icse19.pdf,2019,No,Yes,No,ICSE,bug localization,Convolutional,none,,,SE task,Method,Yes/No
3,A Neural Language Model with a Modified Attention Mechanism for Software Code,https://ieeexplore.ieee.org/document/8663962,2018,No,Yes,Yes,ICSESS,language model,Sequence,none,,,defect prediction,Sequence,Yes
4,How Well Do Change Sequences Predict Defects? Sequence Learning from Software Changes,http://sccpu2.cse.ust.hk/castle/materials/TSE19-ming.pdf,2019,No,Yes,Yes,TSE,defect prediction,Sequence,none,,,bug localization,Convolutional,No
5,DeepJIT: An End-to-End Deep Learning Framework for Just-in-Time Defect Prediction,https://posl.ait.kyushu-u.ac.jp/~kamei/publications/Thong_MSR2019.pdf,2019,Yes,Yes,No,MSR,defect prediction,Convolutional,cross validation,,,language model,Feedforward,
6,CCLearner: A Deep Learning-Based Clone Detection Approach,https://people.cs.vt.edu/nm8247/publications/icsme-research-118-camera-ready.pdf,2017,No,Yes,Yes,ICSME,code similarity,Feedforward,none,,,code similarity,Embedding,
7,Towards Accurate Duplicate Bug Retrieval Using Deep Learning Techniques,http://ieeexplore.ieee.org/document/8094414/,2017,Yes,Yes,Yes,ICSME,duplicate bug detection,,none,,,duplicate bug detection,Graph,
8,Lessons Learned from Using a Deep Tree-Based Model for Software Defect Prediction in Practice,https://dl.acm.org/doi/10.1109/MSR.2019.00017,2019,No,Yes,Yes,MSR,defect prediction,Sequence,none,,,Vulnerability Detection,word2vec,
9,Deep Learning Code Fragments for Code Clone Detection,http://www.cs.wm.edu/~denys/pubs/ASE'16-DeepLearningClones.pdf,2016,No,No,Yes,ASE,code similarity,Sequence,none,,,code comprehension,Attention,
10,Deep Learning Similarities from Different Representations of Source Code,http://www.cs.wm.edu/~mtufano/publications/C9.pdf,2018,Yes,Yes,No,MSR,code similarity,Sequence,none,,,Code Synthesis,DNN,
11,code2vec: Learning Distributed Representations of Code,https://arxiv.org/pdf/1803.09473.pdf,2018,Yes,Yes,No,POPL,language model,Sequence,dev set,,,code smell,Other,
12,SySeVR: A Framework for Using Deep Learning to Detect Software Vulnerabilities,https://arxiv.org/pdf/1807.06756.pdf,2018,Yes,Yes,Yes,TDSC,Vulnerability Detection,Sequence,none,,,language processing,Deep Belief Network,
13,Are deep neural networks the best choice for modeling source code?,https://dl.acm.org/doi/pdf/10.1145/3106237.3106290,2017,Yes,Yes,Yes,FSE,language model,,none,,,image processing,Transformer,
14,Maybe Deep Neural Networks are the Best Choice for Modeling Source Code,https://arxiv.org/pdf/1903.05734.pdf,2019,Yes,Yes,Yes,arXiv,language model,Sequence,none,,,Software Categorization,,
15,alpha-Diff: Cross-Version Binary Code Similarity Detection with DNN,https://dl-acm-org.prox.lib.ncsu.edu/doi/pdf/10.1145/3238147.3238199,2018,Yes,Yes,No,ASE,code similarity,Convolutional,dev set,,,Program Repair/Bug Fix,,
16,Exploring the Use of Deep Learningfor Feature Location,https://damevski.github.io/files/Corley-etal_2015a.pdf,2015,No,No,Yes,ICSME,code comprehension,Embedding,none,,,Feature Envy Detection,,
17,Deep representations for software engineering,https://dl.acm.org/doi/10.5555/2819009.2819166,2015,No,No,Yes,ICSE,language model,Sequence,none,,,Software Energy Metrics,,
18,Neural code comprehension: A learnable representation of code semantics,https://papers.nips.cc/paper/7617-neural-code-comprehension-a-learnable-representation-of-code-semantics.pdf,2018,Yes,Yes,Yes,NeurIPS,language model,Sequence,none,,,issue close time,,
19,Learning Program Embeddings to Propagate Feedback on Student Code,https://stanford.edu/~cpiech/bio/papers/programEncoding.pdf,2015,No,Yes,No,ICML,language model,Sequence,random search,,,Testing,,
20,Deep learning type inference,https://vhellendoorn.github.io/PDF/fse2018-j2t.pdf,2018,Yes,Yes,Yes,FSE,code comprehension,Sequence,dev set,,,vulnerability detection,,
21,Suggesting Accurate Method and Class Names,https://homepages.inf.ed.ac.uk/csutton/publications/accurate-method-and-class.pdf,2015,No,No,Yes,FSE,code comprehension,Sequence,Bayesian Optimization,,,other,,
22,Learning to Represent Programs with Graphs,https://www.microsoft.com/en-us/research/wp-content/uploads/2017/11/programGraphs.pdf,2017,No,Yes,No,ICLR,code comprehension,Graph,none,,,,,
23,From UI Design Image to GUI Skeleton: A Neural Machine Translator to Bootstrap Mobile GUI Implementation,https://ccywch.github.io/chenchunyang.github.io/publication/ui2code.pdf,2018,Yes,Yes,No,ICSE,Code Synthesis,Convolutional,dev set,,,,,
24,A neural framework for retrieval and summarization of source code,https://dl.acm.org/doi/10.1145/3238147.3240471,2018,No,Yes,Yes,ASE,code comprehension,,none,,,,,
25,Semantically enhanced software traceability using deep learning techniques,https://arxiv.org/pdf/1804.02438.pdf,2018,No,No,No,ICSE,code comprehension,Sequence,grid search,,,,,
26,Deep code search,https://guxd.github.io/papers/deepcs.pdf,2018,Yes,No,Yes,ICSE,code comprehension,Sequence,none,,,,,
27,Automated Vulnerability Detection in Source Code Using Deep Representation Learning,https://arxiv.org/pdf/1807.04320.pdf,2018,No,Yes,Yes,ICMLA,Vulnerability Detection,Convolutional,unspecified,,,,,
,,,,,,,,,Sequence,,,,,,
28,Devign: Effective Vulnerability Identification by Learning Comprehensive Program Semantics via Graph Neural Networks,https://arxiv.org/pdf/1909.03496.pdf,2019,Yes,Yes,No,NeurIPS,Vulnerability Detection,Graph,none,,,,,
29,VulDeePecker: A Deep Learning-Based System for Vulnerability Detection,https://arxiv.org/pdf/1801.01681.pdf,2018,Yes,Yes,Yes,NDSS,Vulnerability Detection,Sequence,none,,,,,
30,Assessing the Generalizability of code2vec Token Embeddings,https://ink.library.smu.edu.sg/cgi/viewcontent.cgi?article=5496&context=sis_research,2019,Yes,Yes,Yes,ASE,language model,Embedding,none,,,,,
31,Checking Smart Contracts with Structural Code Embedding,https://arxiv.org/pdf/2001.07125.pdf,2020,Yes,Yes,Yes,TSE,language model,Embedding,none,,,,,
32,Deep Learning Based Code Smell Detection,https://ieeexplore-ieee-org.prox.lib.ncsu.edu/stamp/stamp.jsp?tp=&arnumber=8807230,2021,Yes,Yes,Yes,TSE,code smell,Embedding,none,,,,,
33,CC2Vec: Distributed Representations of Code Changes,https://arxiv.org/pdf/2003.05620.pdf,2020,No,No,No,ICSE,defect prediction,Embedding,none,,,,,
34,Deep Code Comment Generation,https://dl-acm-org.prox.lib.ncsu.edu/doi/pdf/10.1145/3196321.3196334,2018,Yes,Yes,No,ICPC,code comprehension,Sequence,none,,,,,
35,Exploring API Embedding for API Usages and Applications,https://ieeexplore-ieee-org.prox.lib.ncsu.edu/stamp/stamp.jsp?tp=&arnumber=7985683,2017,Yes,No,Yes,ICSE,code comprehension,word2vec,none,,,,,
36,Mining Likely Analogical APIs across Third-Party Libraries via Large-Scale Unsupervised API Semantics Embedding,https://ieeexplore-ieee-org.prox.lib.ncsu.edu/stamp/stamp.jsp?tp=&arnumber=8630054,2021,No,No,Yes,TSE,code comprehension,Sequence,cross validation,,,,,
37,A neural framework for retrieval and sum- marization of source code,https://dl.acm.org/doi/10.1145/3238147.3240471,2018,No,Yes,Yes,ASE,code comprehension,Sequence,dev set,,,,,
38,Improving automatic source code summarization via deep reinforcement learning,https://arxiv.org/pdf/1811.07234.pdf,2018,No,No,No,ASE,code comprehension,Sequence,cross validation,,,,,
39,A convolutional attention network for extreme summarization of source code,https://arxiv.org/pdf/1602.03001.pdf,2016,Yes,Yes,Yes,ICML,code comprehension,Convolutional,Bayesian Optimization,,,,,
40,Differentiable programs with neural libraries,https://www.microsoft.com/en-us/research/wp-content/uploads/2017/03/main2.pdf,2017,No,No,No,ICML,code comprehension,,,,,,,
41,Making neural programming architectures generalize via recursion,https://arxiv.org/abs/1704.06611,2017,No,No,No,ICLR,,,,,,,,
42,Neural guided constraint logic programming for program synthesis,https://proceedings.neurips.cc/paper_files/paper/2018/file/67d16d00201083a2b118dd5128dd6f59-Paper.pdf,2018,Yes,Yes,No,NeurIPS,Code Synthesis,Sequence,none,,,,,
,,,,,,,,,Graph,,,,,,
43,Neural program meta-induction,https://papers.nips.cc/paper/6803-neural-program-meta-induction.pdf,2017,No,No,No,NeurIPS,Code Synthesis,Convolutional,none,,,,,
,,,,,,,,,Sequence,,,,,,
44,Neural program synthesis from diverse demonstration videos.,http://proceedings.mlr.press/v80/sun18a.html,2018,Yes,Yes,No,ICML,Code Synthesis,Sequence,,,,,,
45,Automating intention mining,https://ieeexplore.ieee.org.prox.lib.ncsu.edu/stamp/stamp.jsp?tp=&arnumber=8493285,2018,Yes,Yes,Yes,TSE,language processing,Convolutional,DE,,,,,
46,Neural sketch learning for conditional program generation,https://arxiv.org/abs/1703.05698,2018,Yes,No,No,ICLR,Code Synthesis,Sequence,grid search,,,,,
47,Neural programmer-interpreters,https://arxiv.org/abs/1511.06279,2016,No,No,No,ICLR,language processing,Sequence,none,,,,,
48,Latent attention for if-then program synthesis.,https://papers.nips.cc/paper/6284-latent-attention-for-if-then-program-synthesis.pdf,2016,No,No,No,NeurIPS,Code Synthesis,Attention,none,,,,,
49,A deep learning approach to identifying source code in images and video,https://ieeexplore.ieee.org.prox.lib.ncsu.edu/stamp/stamp.jsp?tp=&arnumber=8595221,2018,No,No,Yes,MSR,image processing,Convolutional,cross validation,,,,,
50,Deepcoder: Learning to write programs.,https://arxiv.org/abs/1611.01989,2017,No,No,No,ICLR,Code Synthesis,Sequence,none,,,,,
51,Robustfill: Neural program learning under noisy I/O,https://arxiv.org/pdf/1703.07469.pdf,2017,No,No,No,ICML,Code Synthesis,Sequence,dev set,,,,,
,,,,,,,,,Attention,,,,,,
52,Leveraging grammar and reinforcement learning for neural program synthesis,https://arxiv.org/abs/1805.04276,2018,No,No,Yes,ICLR,Code Synthesis,Sequence,none,,,,,
,,,,,,,,,Convolutional,,,,,,
53,Neural-guided deductive search for real-time program synthesis from examples.,https://arxiv.org/pdf/1804.01186.pdf,2018,No,No,No,ICLR,Code Synthesis,Sequence,dev set,,,,,
54,Towards synthesizing complex programs from input-output examples.,https://arxiv.org/pdf/1706.01284.pdf,2018,No,No,No,ICLR,Code Synthesis,Sequence,none,,,,,
55,On the naturalness of proofs,https://dl.acm.org/doi/pdf/10.1145/3236024.3264832?casa_token=CiFtMhJKylUAAAAA:yx7WYCcqJEbc_OA3TtqbTtPit6pGvULcO4Ta5ZEkpZUBBkGIRQC0tQqnhS1ZPOu--giFcsGSK7uRojE,2018,Yes,Yes,Yes,FSE,Code Synthesis,Sequence,none,,,,,
56,Automatic categorization with deep neural network for open-source java projects,https://ieeexplore.ieee.org.prox.lib.ncsu.edu/stamp/stamp.jsp?tp=&arnumber=7965290,2017,No,No,Yes,ICSE-C,Software Categorization,DNN,none,,,,,
57,"Chen, Zimin, et al. ""Sequencer: Sequence-to-sequence learning for end-to-end program repair",https://ieeexplore.ieee.org.prox.lib.ncsu.edu/stamp/stamp.jsp?tp=&arnumber=8827954,2021,Yes,Yes,No,TSE,Program Repair/Bug Fix,Sequence,grid search,,,,,
,,,,,,,,,Attention,,,,,,
58,Combining symbolic expressions and black-box function evaluations in neural programs,https://arxiv.org/abs/1801.04342,2018,Yes,Yes,No,ICLR,Software Categorization,Sequence,none,,,,,
59,Automatic program synthesis of long programs with a learned garbage collector.,https://arxiv.org/pdf/1809.04682.pdf,2018,Yes,No,No,NeurIPS,Code Synthesis,Embedding,none,,,,,
60,Improving neural program synthesis with inferred execution traces,https://papers.nips.cc/paper/8107-improving-neural-program-synthesis-with-inferred-execution-traces.pdf,2018,No,Yes,No,NeurIPS,Code Synthesis,Sequence,none,,,,,
61,Library Learning for Neurally-Guided Bayesian Program Induction,https://papers.nips.cc/paper/8006-learning-libraries-of-subroutines-for-neurallyguided-bayesian-program-induction,2018,No,No,No,NeurIPS,Code Synthesis,Other,none,,,,,
62,Learning to infer graphics programs from hand-drawn images,https://papers.nips.cc/paper/7845-learning-to-infer-graphics-programs-from-hand-drawn-images.pdf,2018,Yes,Yes,No,NeurIPS,Code Synthesis,Convolutional,none,,,,,
,,,,,,,,,Attention,,,,,,
63,Deep learning based feature envy detection,https://ieeexplore-ieee-org.prox.lib.ncsu.edu/stamp/stamp.jsp?tp=&arnumber=8999996,2018,Yes,Yes,Yes,ASE,Feature Envy Detection,Convolutional,cross validation,,,,,
64,Learning a dual-language vector space for domain-specific cross-lingual question retrieval,https://ieeexplore.ieee.org.prox.lib.ncsu.edu/stamp/stamp.jsp?tp=&arnumber=7582810,2016,No,No,Yes,ASE,language model,Convolutional,none,,,,,
65,Tree-to-tree neural networks for program translation,https://arxiv.org/pdf/1802.03691.pdf,2018,No,No,No,NeurIPS,code comprehension,Sequence,grid search,,,,,
,,,,,,,,,Attention,,,,,,
,,,,,,,,,Sequence,,,,,,
66,Summarizing Source Code with Transferred API Knowledge,https://www.ijcai.org/Proceedings/2018/0314.pdf,2018,Yes,Yes,Yes,IJCAI,code comprehension,Sequence,none,,,,,
67,Neuro-symbolic program corrector for introductory programming assignments,https://ieeexplore-ieee-org.prox.lib.ncsu.edu/stamp/stamp.jsp?tp=&arnumber=8453063,2018,No,No,Yes,ICSE,Program Repair,Sequence,none,,,,,
68,Dynamic neural program em- bedding for program repair,https://arxiv.org/pdf/1711.07163.pdf,2018,Yes,No,No,ICLR,Program Repair,Sequence,none,,,,,
69,Learning to repair software vul- nerabilities with generative adversarial networks,https://papers.nips.cc/paper/8018-learning-to-repair-software-vulnerabilities-with-generative-adversarial-networks.pdf,2018,No,No,No,NeurIPS,Program Repair,Other,unspecified,,,,,
70,Predicting semantically linkable knowledge in developer online forums via convolutional neural network,https://ieeexplore.ieee.org/stamp/stamp.jsp?tp=&arnumber=7582745,2016,No,Yes,Yes,ASE,language processing,Convolutional,grid search,,,,,
,,,,,,,,,Embedding,,,,,,
71,An empirical study on learning bug-fixing patches in the wild via neural machine translation.,https://arxiv.org/pdf/1812.08693.pdf,2019,No,No,Yes,TOSEM,Program Repair,Sequence,none,,,,,
72,Deep API Learning,https://arxiv.org/pdf/1605.08535.pdf,2016,Yes,No,Yes,FSE,Code Synthesis,Sequence,none,,,,,
73,Domain adaptation for test report classification in crowdsourced testing,https://ece.uwaterloo.ca/~s446wang/paper/icse-17.pdf,2017,No,No,Yes,ICSE,language processing,Sequence,grid search,,,,,
74,Combiningdeep learning with information retrieval to localize buggy files for bug reports.,https://ieeexplore.ieee.org/document/7372035,2015,No,Yes,Yes,ASE,bug localization,Other,none,,,,,
,,,,,,,,,Feedforward,,,,,,
75,Convolutional neural networks over tree structures for programming languageprocessing,https://arxiv.org/pdf/1409.5718.pdf,2016,No,No,Yes,AAAI,language processing,Convolutional,dev set,,,,,
76,Code completion with statistical language models,http://www.cs.technion.ac.il/~yahave/papers/pldi14-statistical.pdf,2014,No,No,Yes,PLDI,language model,Sequence,none,,,,,
77,Toward deep learning software repositories,http://www.cs.wm.edu/~denys/pubs/MSR'15-DeepLearning-CRC.pdf,2015,No,No,Yes,MSR,language model,Sequence,dev set,,,,,
78,Predicting semantically linkable knowledge in developer online forums via convolutional neural network.,https://www.bowenxu.me/publications/ASE2016.pdf,2016,No,Yes,Yes,ASE,language processing,word2vec,none,,,,,
,,,,,,,,,Convolutional,,,,,,
79,A deep language model for software code,https://arxiv.org/pdf/1608.02715.pdf,2016,No,No,Yes,FSE,language model,Sequence,dev set,,,,,
81,Summarizing Source Code using a Neural Attention Model,https://www.aclweb.org/anthology/P16-1195.pdf,2016,Yes,Yes,Yes,ACL,code comprehension,Sequence,none,,,,,
82,Code Completion with Neural Attention and Pointer Networks,https://www.ijcai.org/Proceedings/2018/0578.pdf,2018,No,Yes,No,IJCAI,Code Synthesis,Sequence,none,,,,,
83,Semi-Supervised Recursive Autoencodersfor Predicting Sentiment Distributions,https://ai.stanford.edu/~ang/papers/emnlp11-RecursiveAutoencodersSentimentDistributions.pdf,2011,Yes,Yes,Yes,EMNLP,language processing,Sequence,dev set,,,,,
84,Sentiment analysis for software engineering: How far can we go?,https://dl.acm.org/doi/pdf/10.1145/3180155.3180195?casa_token=z3yPQzxGfuwAAAAA:mz87cg1F6euMMm7REdkBwm05dt138E-K-9UF90AlAZ00QMtWKNJi53yC2yD-X9cLdqIQkKlmuciBKX8,2018,Yes,Yes,Yes,ICSE,language processing,Sequence,none,,,,,
85,500+ times faster than deep learning: A case study exploring faster methods for text mining stackoverflow,https://dl.acm.org/doi/pdf/10.1145/3196398.3196424?casa_token=S_n1uvqG6jwAAAAA:xzzZ5O2KaJxkd-iDoLpvuhOdceR7xTnTnVM_NkmXtGhitHq647rUmsxJnV3NciCQMPqmLLJg20tqH9A,2018,,,Yes,MSR,language processing,Convolutional,DE,,,,,
86,On the adoption of neural networks in modeling software reliability,https://dl.acm.org/doi/pdf/10.1145/3236024.3275433?casa_token=4jCmURQNfDEAAAAA:kAVIqR5GsJi2TFREhroll2z_wKzXfb5gt4DHVDiFc0QeNLShZ0BgxVoTleayUXpHIgaMkAC5EnryqY0,2018,No,No,No,FSE,defect prediction,Sequence,,,,,,
87,Automatically learning semantic features for defect prediction,https://ieeexplore.ieee.org/stamp/stamp.jsp?arnumber=7886912&casa_token=L-8JQwtpCWsAAAAA:zTk1HcllQ63oTuQBVQ1HTS-I0yBunwSUAI8VZ3I5YGDbddiEQvE9G2NV7EY2q3l-Fktj6na2LaA&tag=1,2016,No,Yes,Yes,ICSE,defect prediction,Deep Belief Network,none,,,,,
88,Neuro-symbolic program corrector for introductory programming assignments,https://ieeexplore-ieee-org.prox.lib.ncsu.edu/stamp/stamp.jsp?tp=&arnumber=8453063,2018,No,No,Yes,ICSE,other,Sequence,,,,,,
89,Automatic feature learning for predicting vulnerable software components,https://ieeexplore.ieee.org/stamp/stamp.jsp?arnumber=8540022&casa_token=JXAQFIN0kasAAAAA:iMyYWthvcFTUpd2cOGGQkt0fawpJWXYQ6dAx4cfBFMdzVsRXYcLnjunc0xzGES7w8ZVZUHQBlaY&tag=1,2021,No,No,Yes,TSE,defect prediction,Sequence,none,,,,,
90,Machine learning-based prototyping of graph- ical user interfaces for mobile apps,https://ieeexplore.ieee.org/stamp/stamp.jsp?arnumber=8374985&casa_token=HXn6YbFxAjcAAAAA:piyG1dkgceE9PTtr2uaYB4_5Q5wsFGLI_3vMkWaVz0YwJEPc5CXKF6CAMhIW4gCAR1UJ4qXIXJI&tag=1,2020,Yes,Yes,Yes,TSE,Code Synthesis,Convolutional,none,,,,,
91,On the naturalness of proofs,https://dl.acm.org/doi/pdf/10.1145/3236024.3264832?casa_token=FYpKeDzQkd0AAAAA:yQYGrXOUai3EiRbw6umCAjjjmvEKFwPBXGVMDn-pxzNs1BNpdhor4QWQetc9Ehwm6S4PAzGnmEJRZHY,2018,Yes,Yes,Yes,FSE,Code Synthesis,Sequence,none,,,,,
92,Robustfill: Neural program learning under noisy I/O,https://arxiv.org/pdf/1703.07469.pdf,2017,No,No,No,JMLR,Code Synthesis,Sequence,,,,,,
93,Deepcoder: Learning to write programs,https://arxiv.org/pdf/1611.01989.pdf,2017,No,No,No,ICLR,Code Synthesis,Sequence,,,,,,
94,TagDC:A tag recommendation method for software information sites with a combination of deep learning and collaborative filtering,https://www.sciencedirect.com/science/article/pii/S0164121220301941,2020,Yes,Yes,Yes,JSS,language processing,Feedforward,dev set,,,,,
,,,,,,,,,word2vec,,,,,,
,,,,,,,,,Sequence,,,,,,
,,,,,,,,,Convolutional,,,,,,
95,Deep green: Modelling time-series of software energy consumption,https://softwareprocess.es/pubs/romansky2017ICSME-timeseries.pdf,2017,Yes,Yes,Yes,ICSME,Software Energy Metrics,Feedforward,cross validation,,,,,
,,,,,,,,,Sequence,,,,,,
96,αdiff: Cross-version binary code similarity detection with dnn,https://dl.acm.org/doi/pdf/10.1145/3238147.3238199?casa_token=L0MuBqiuhwEAAAAA:sKPc3BxQdHHiA_ssaBTFEnci7-rIpHOIkKGCFoOl33yr1PFpk1Gi6cijJQJxxIiLiwagtas1Yr7RZhE,2018,Yes,Yes,No,ASE,code similarity,Convolutional,,,,,,
97,Vulseeker: A semantic learning based vulnerability seeker for cross-platform binary,https://ieeexplore.ieee.org/stamp/stamp.jsp?arnumber=9000027&casa_token=agQU2rU2E7gAAAAA:c9Z-A6eKa6X1NAq1OMDi3OSng6Cp-0AQOFb6bbWp4ShinzXq-4aQuj7R0BUMHG8nShicyPH3oI4&tag=1,2018,Yes,Yes,No,ASE,code similarity,DNN,,,,,,
98,Machine/deep learning for software engineering: A systematic literature review,https://ieeexplore.ieee.org/iel7/32/4359463/09772253.pdf,2022,,,,TSE,,,,,,,,
99,Learning Python Code Suggestion with a Sparse Pointer Network,https://arxiv.org/pdf/1611.08307.pdf,2017,Yes,Yes,Yes,ICLR,Code Synthesis,Sequence,dev set,,,,,
100,DeepAM: Migrate APIs with Multi-modal Sequence to Sequence Learning,https://arxiv.org/pdf/1704.07734.pdf,2017,No,No,Yes,IJCAI,language processing,Sequence,none,,,,,
101,Automatically Generating Commit Messages from Diffs using Neural Machine Translation,https://arxiv.org/pdf/1708.09492.pdf,2017,Yes,Yes,Yes,ASE,language processing,Sequence,none,,,,,
102,Continual Prediction of Bug-Fix Time Using DeepLearning-Based Activity Stream Embedding,https://ieeexplore.ieee.org/stamp/stamp.jsp?tp=&arnumber=8955829,2020,No,Yes,No,IEEE Access,issue close time,Sequence,none,,,,,
103,An empirical investigation into learning bug-fixing patches in the wild via neural machine translation.,http://www.cs.wm.edu/~denys/pubs/ASE'18-Learning-Bug-Fixes-NMT.pdf,2018,Yes,Yes,No,TOSEM,Program Repair,Sequence,dev set,,,,,
104,Automatic text input generation for mobile testing,https://ieeexplore.ieee.org/document/7985701,2017,Yes,No,No,ICSE,Testing,word2vec,none,,,,,
,,,,,,,,,Sequence,,,,,,
105,Easy over Hard: A Case Study on Deep Learning,https://www.researchgate.net/publication/318873760_Easy_over_hard_a_case_study_on_deep_learning,2017,Yes,Yes,Yes,FSE,language processing,word2vec,none,,,,,
106,On the Value of Oversampling for Deep Learning in Software Defect Prediction,https://arxiv.org/abs/2008.03835,2021,Yes,Yes,Yes,TSE,defect prediction,Feedforward,epsilon dom,,,,,
107,Automatically recommending components for issue reports using deep learning,https://link.springer.com/article/10.1007/s10664-020-09898-5,2021,Yes,Yes,Yes,EMSE,language processing,Sequence,dev set,,,,,
,,,,,,,,,Feedforward,,,,,,
108,Old but Gold: Reconsidering the value of feedforward learners for software analytics,https://arxiv.org/abs/2101.06319,2022,Yes,Yes,Yes,arXiv,issue close time,Feedforward,tabu search,,,,,
109,Evaluating network embedding techniques’performances in software bug prediction,https://link.springer.com/content/pdf/10.1007/s10664-021-09965-5.pdf,2021,Yes,Yes,No,EMSE,defect prediction,Embedding,none,,,,,
110,node2defect: using network embedding to improve software defect prediction,https://dl.acm.org/doi/pdf/10.1145/3238147.3240469,2018,No,Yes,Yes,ASE,defect prediction,Embedding,none,,,,,
111,Semi-supervised Log-based Anomaly Detection via Probabilistic Label Estimation,https://drive.google.com/file/d/1H4p-fv1KY81HfbCDsrf3tX8ZP2p7xqp8/view,2021,Yes,Yes,Yes,ICSE,language processing,Sequence,none,,,,,
,,,,,,,,,word2vec,,,,,,
112,A hybrid code representation learning approach for predicting method names,https://www.sciencedirect.com/science/article/abs/pii/S0164121221001084,2021,Yes,Yes,No,JSS,language processing,Sequence,none,,,,,
113,Easy-to-Deploy API Extraction by Multi-Level Feature Embedding and Transfer Learning,https://ieeexplore.ieee.org/abstract/document/8865646,2021,Yes,Yes,Yes,TSE,language processing,Sequence,dev set,,,,,
,,,,,,,,,Convolutional,,,,,,
,,,,,,,,,Embedding,,,,,,
114,API Method Recommendation without Worrying about the Task-API Knowledge Gap,https://ieeexplore.ieee.org/abstract/document/9000025,2018,Yes,Yes,Yes,ASE,language processing,word2vec,none,,,,,
115,Mining Likely Analogical APIs Across Third-PartyLibraries via Large-Scale Unsupervised APISemantics Embedding,https://ieeexplore-ieee-org.prox.lib.ncsu.edu/document/8630054,2021,No,Yes,Yes,TSE,language processing,word2vec,none,,,,,
,,,,,,,,,Sequence,,,,,,
116,funcGNN: A Graph Neural Network Approach to Program Similarity,https://dl.acm.org/doi/pdf/10.1145/3382494.3410675,2020,Yes,Yes,Yes,ESEM,code similarity,Attention,none,,,,,
,,,,,,,,,Graph,,,,,,
117,Retrieval-Augmented Generation for Code Summarization via Hybrid GNN,http://academic.hugochan.net/papers/ICLR21.pdf,2021,No,Yes,Yes,ICLR,code comprehension,Sequence,none,,,,,
,,,,,,,,,Graph,,,,,,
,,,,,,,,,Attention,,,,,,
118,Software defect prediction based on enhanced metaheuristic feature selection optimization and a hybrid deep neural network,https://www-sciencedirect-com.prox.lib.ncsu.edu/science/article/pii/S0164121221001230,2021,No,Yes,Yes,JSS,defect prediction,Convolutional,grid search,,,,,
119,Post2Vec: Learning Distributed Representations of Stack Overflow Posts,https://ieeexplore.ieee.org/stamp/stamp.jsp?tp=&arnumber=9469219&tag=1,2022,Yes,Yes,No,TSE,language processing,Convolutional,grid search,,,,,
,,,,,,,,,Sequence,,,,,,
120,Automating the Removal of Obsolete TODO Comments,https://arxiv.org/pdf/2108.05846.pdf,2021,Yes,Yes,No,FSE,language processing,Sequence,none,,,,,
,,,,,,,,,Feedforward,,,,,,
121,Why and what happened? Aiding bug comprehension with automated category and causal link identification,https://link-springer-com.prox.lib.ncsu.edu/content/pdf/10.1007/s10664-021-10010-8.pdf,2021,No,No,Yes,EMSE,language processing,Attention,sequential optimization,,,,,
,,,,,,,,,word2vec,,,,,,
122,Software Vulnerability Detection via Deep Learning over Disaggregated Code Graph Representation,https://arxiv.org/ftp/arxiv/papers/2109/2109.03341.pdf,2021,No,No,No,arXiv,vulnerability detection,Sequence,dev set,,,,,
,,,,,,,,,Attention,,,,,,
,,,,,,,,,Graph,,,,,,
,,,,,,,,,Feedforward,,,,,,
123,Multi-triage: A multi-task learning framework for bug triage,https://www.sciencedirect.com/science/article/abs/pii/S0164121221002302,2022,No,No,No,JSS,language processing,Sequence,none,,,,,
,,,,,,,,,Feedforward,,,,,,
,,,,,,,,,Convolutional,,,,,,
124,Exploiting gated graph neural network for detecting and explaining self-admitted technical debts,https://www.sciencedirect.com/sdfe/reader/pii/S0164121222000036/pdf,2022,Yes,Yes,No,JSS,language processing,Graph,none,,,,,
,,,,,,,,,Embedding,,,,,,
125,SPT-Code: Sequence-to-Sequence Pre-Training for Learning Source Code Representations,https://arxiv.org/pdf/2201.01549.pdf,2022,Yes,Yes,No,ICSE,language processing,Sequence,none,,,,,
126,Jigsaw: Large Language Models meet Program Synthesis,https://arxiv.org/pdf/2112.02969.pdf,2022,No,Yes,No,ICSE,Code Synthesis,Sequence,none,,,,,
127,Bridging Pre-trained Models and Downstream Tasks for Source Code Understanding,https://arxiv.org/pdf/2112.02268.pdf,2022,Yes,Yes,No,ICSE,code comprehension,Sequence,none,,,,,
128,CLEAR: Contrastive Learning for API Recommendation,https://www.eecs.yorku.ca/~wangsong/papers/icse2022.pdf,2022,Yes,Yes,Yes,ICSE,language processing,Sequence,none,,,,,
129,CodeFill: Multi-token Code Completion by Jointly Learning from Structure and Naming Sequences,https://arxiv.org/pdf/2202.06689.pdf,2022,Yes,Yes,No,ICSE,Code Synthesis,Sequence,,,,,,
130,Cross-Domain Deep Code Search with Few-Shot Meta Learning,https://arxiv.org/pdf/2201.00150.pdf,2022,Yes,Yes,No,ICSE,code comprehension,Sequence,none,,,,,
131,DeepSTL - From English Requirements to Signal Temporal Logic,https://arxiv.org/pdf/2109.10294v3.pdf,2022,No,No,No,ICSE,language processing,Sequence,none,,,,,
132,DeepTraLog: Trace-Log Combined Microservice Anomaly Detection through Graph-based Deep Learning,https://cspengxin.github.io/publications/icse22-DeepTraLog.pdf,2022,No,Yes,Yes,ICSE,other,Sequence,none,,,,,
,,,,,,,,,Graph,,,,,,
133,GRAPHCODEBERT: PRE-TRAINING CODE REPRESENTATIONS WITH DATA FLOW,https://arxiv.org/pdf/2009.08366v2.pdf,2020,No,No,No,ICLR,language model,Graph,none,,,,,
,,,,,,,,,Sequence,,,,,,
134,TreeBERT: A Tree-Based Pre-Trained Model for Programming Language,https://auai.org/uai2021/pdf/uai2021.32.pdf,2021,Yes,Yes,No,UAI,language model,Sequence,none,,,,,
135,Studying the Usage of Text-To-Text Transfer Transformer to Support Code-Related Tasks,https://arxiv.org/pdf/2102.02017.pdf,2021,Yes,Yes,No,ICSE,language processing,Sequence,none,,,,,
136,Fold2Vec: Towards a Statement Based Representation of Code for Code Comprehension,https://dl.acm.org/doi/pdf/10.1145/3514232,2023,Yes,Yes,No,TOSEM,code comprehension,Sequence,random search,,,,,
,,,,,,,,,Attention,,,,,,
,,,,,,,,,Feedforward,,,,,,
137,DEAR: A Novel Deep Learning-based Approach for Automated Program Repair,https://arxiv.org/pdf/2205.01859.pdf,2022,Yes,Yes,No,ICSE,Program Repair,Sequence,beam search,,,,,
,,,,,,,,,Attention,,,,,,
138,FIRA: Fine-Grained Graph-Based Code Change Representation for Automated Commit Message Generation,https://yilinglou.github.io/papers/ICSE22_commit.pdf,2022,Yes,Yes,Yes,ICSE,language processing,Graph,validation set,,,,,
,,,,,,,,,Attention,,,,,,
,,,,,,,,,Sequence,,,,,,
139,XCode: Towards Cross-Language Code Representation with Large-Scale Pre-Training,https://dl-acm-org.prox.lib.ncsu.edu/doi/pdf/10.1145/3506696,2022,Yes,No,No,TOSEM,language processing,Sequence,none,,,,,
140,A unified multi-task learning model for AST-level and token-level code completion,https://link.springer.com/content/pdf/10.1007/s10664-022-10140-7.pdf,2022,No,No,No,EMSE,Code Synthesis,Sequence,validation set,,,,,
141,Learning code summarization from a small and local dataset,https://arxiv.org/pdf/2206.00804.pdf,2022,No,No,No,arXiv,code comprehension,Sequence,none,,,,,
,,,,,,,,,Attention,,,,,,
142,Can pre-trained code embeddings improve model performance? Revisiting the use of code embeddings in software engineering tasks,https://link.springer.com/content/pdf/10.1007/s10664-022-10118-5.pdf,2022,Yes,Yes,No,EMSE,language model,word2vec,none,,,,,
143,Towards Learning Generalizable Code Embeddings using Task-agnostic Graph Convolutional Networks,https://dl.acm.org/doi/pdf/10.1145/3542944,2023,Yes,Yes,No,TOSEM,language model,Graph,random search,,,,,
144,Code comment generation based on graph neural network enhanced transformer model for code understanding in open‑source software ecosystems,https://link.springer.com/content/pdf/10.1007/s10515-022-00341-1.pdf,2022,Yes,Yes,No,ASE,code comprehension,Graph,none,,,,,
,,,,,,,,,Sequence,,,,,,
145,Automatic source code summarization with graph attention networks,https://www.sciencedirect.com/science/article/pii/S0164121222000279,2022,,,,JSS,,,,,,,,
146,Using Transfer Learning for Code-Related Tasks,https://ieeexplore.ieee.org/stamp/stamp.jsp?tp=&arnumber=9797060,2023,Yes,Yes,No,ICSE,Program Repair/Bug Fix,Transformer,dev set,,,,,
,,,,,,,,Testing,,,,,,,
,,,,,,,,code comprehension,,,,,,,
147,Towards learning generalizable code embeddings using task-agnostic graph convolutional networks,https://dl.acm.org/doi/pdf/10.1145/3542944,2023,Yes,Yes,Yes,TOSEM,code comprehension,Graph,none,,,,,
,,,,,,,,other,,,,,,,
,,,,,,,,code similarity,,,,,,,
,,,,,,,,Software Categorization,,,,,,,
,,,,,,,,defect prediction,,,,,,,
148,LineVD: Statement-level vulnerability detection using graph neural networks,https://arxiv.org/pdf/2203.05181.pdf,2022,Yes,Yes,Yes,MSR,Vulnerability Detection,Graph,grid,,,,,
,,,,,,,,,Transformer,,,,,,
,,,,,,,,,Attention,,,,,,
149,On the Use of Deep Learning in Software Defect Prediction,https://arxiv.org/ftp/arxiv/papers/2210/2210.02236.pdf,2022,,,,JSS,,,,,,,,
150,ClassSum: a deep learning model for class-level code summarization,https://link.springer.com/article/10.1007/s00521-022-07877-z,2022,No,Yes,Yes,NCA,code comprehension,Sequence,none,,,,,
,,,,,,,,,Attention,,,,,,
,,,,,,,,,Embedding,,,,,,
151,Unixcoder: Unified cross-modal pre-training for code representation,https://arxiv.org/pdf/2203.03850.pdf,2022,Yes,Yes,No,ACL,language model,Transformer,none,,,,,
,,,,,,,,,Attention,,,,,,
152,Automating Code Review Activities by Large-Scale Pre-training,https://arxiv.org/abs/2203.09095,2022,Yes,Yes,No,FSE,language model,Transformer,grid,,,,,
153,Context-Aware Neural Fault Localization,https://ieeexplore.ieee.org/abstract/document/10132088,2023,Yes,Yes,Yes,TSE,bug localization,Graph,grid,,,,,
154,Function Call Graph Context Encoding for Neural Source Code Summarization,https://ieeexplore.ieee.org/abstract/document/10132550,2023,Yes,Yes,No,TSE,code comprehension,Sequence,none,,,,,
,,,,,,,,,Attention,,,,,,
,,,,,,,,,Graph,,,,,,
,,,,,,,,,Embedding,,,,,,
,,,,,,,,,Feedforward,,,,,,
155,DeKeDVer: A deep learning-based multi-type software vulnerability classification framework using vulnerability description and source code,https://www.sciencedirect.com/science/article/pii/S0950584923001441,2023,No,No,Yes,IST,Vulnerability Detection,Embedding,none,,,,,
,,,,,,,,,Sequence,,,,,,
,,,,,,,,,Convolutional,,,,,,
,,,,,,,,,Graph,,,,,,
,,,,,,,,,Attention,,,,,,
,,,,,,,,,word2vec,,,,,,
156,"DexBERT: Effective, Task-Agnostic and Fine-grained Representation Learning of Android Bytecode",https://ieeexplore.ieee.org/stamp/stamp.jsp?arnumber=10237047,2023,Yes,Yes,No,TSE,language model,Transformer,none,,,,,
157,CombTransformers: Statement-Wise Transformers for Statement-Wise Representations,https://ieeexplore.ieee.org/stamp/stamp.jsp?arnumber=10242162,2023,Yes,Yes,No,TSE,language model,Transformer,tpe,,,,,
158,Improving Cross-Language Code Clone Detection via Code Representation Learning and Graph Neural Networks,https://ieeexplore.ieee.org/stamp/stamp.jsp?tp=&arnumber=10242168,2023,Yes,Yes,Yes,TSE,code similarity,Graph,none,,,,,
159,An expert system for redesigning software for cloud applications,https://www.sciencedirect.com/science/article/pii/S0957417423001744,2023,No,No,Yes,ESWA,other,Graph,tpe,,,,,
160,How to Find Actionable Static Analysis Warnings: A Case Study With FindBugs,https://ieeexplore.ieee.org/stamp/stamp.jsp?arnumber=10012496,2023,Yes,Yes,Yes,TSE,other,Feedforward,DODGE,,,,,
161,How to improve deep learning for software analytics: (a case study with code smell detection),https://dl.acm.org/doi/pdf/10.1145/3524842.3528458,2022,Yes,Yes,No,MSR,code smell,Feedforward,DODGE,,,,,
162,Comparing the Pretrained Models of Source Code by Re-pretraining Under a Unified Setup,https://ieeexplore.ieee.org/stamp/stamp.jsp?tp=&arnumber=10246327,2023,Yes,Yes,No,TNNLS,language model,Transformer,grid,,,,,
163,EnCoSum: enhanced semantic features for multi-scale multi-modal source code summarization,https://link.springer.com/article/10.1007/s10664-023-10384-x,2023,Yes,Yes,No,EMSE,code comprehension,Attention,none,,,,,
,,,,,,,,,Feedforward,,,,,,
,,,,,,,,,Transformer,,,,,,
,,,,,,,,,Graph,,,,,,
164,NatGen: Generative pre-training by “Naturalizing” source code,https://arxiv.org/pdf/2206.07585.pdf,2022,Yes,Yes,No,FSE,language model,Transformer,none,,,,,